INSERT INTO MANIPEL(ID, JAHRGANG, STUDIENRICHTUNG) VALUES (1, 2009, 'WInf'),(2, 2010, 'WInf'),(3, 2009, 'BWL'),(4, 2010, 'BWL'),(5, 2009, 'WIng'),(6, 2010, 'WIng');
INSERT INTO DOZENT(ID, NAME, VORNAME) VALUES (1, 'Zimmermann', 'Frank'), (2, 'Müller', 'Arno'), (3, 'Ahrens', 'Volker'), (4, 'Anft', 'Stephan'), (5, 'Kesten','Ralf');
INSERT INTO STUDENT(ID, VORNAME, NAME, MATRIKEL_NR, MANIPEL_ID) VALUES (1, 'Christopher', 'Biel', 11111, 1), (2, 'Florian', 'Borchert', 11112, 1), (3, 'Ronny', 'Bräunlich', 11113, 1), (4, 'Max', 'Lerch', 11114, 5), (5, 'Christian', 'Bauer', 11115, 5), (6, 'Kristin', 'Steffener', 11116, 6); 
INSERT INTO PRUEFUNGSFACH(ID, BESCHREIBUNG, TITEL, MANIPEL_ID) VALUES (1, 'Mathematik für die 2009er Informatiker', 'Mathematik', 1),(2, 'Mathematik für die 2010er Informatiker', 'Mathematik', 2),(3, 'Buchen, buchen, buchen', 'Rechnungswesen', 3),(4, 'Buchen, buchen, buchen', 'Rechnungswesen', 4),(5, 'Mechanik usw. 2009', 'Technische Mechanik', 5),(6, 'Mechanik usw. 2010', 'Technische Mechanik', 6),(7, 'Programmierung für die 2009er','Programmierung', 1),(8, 'Programmierung für die 2010er','Programmierung', 2),(9, 'Controlling für 2009er BWLer','Controlling',3),(10, 'Controlling für 2010er BWLer','Controlling',4),(11, 'Mathematik für 2009er WIngs', 'Mathematik', 5),(12,  'Mathematik für 2009er WIngs', 'Mathematik', 6);
INSERT INTO PRUEFUNG(ID, DATUM, PRUEFUNGSFACH_ID, DOZENT_ID) VALUES (1, '2012-06-08', 1, 1),(2, '2012-06-07', 2, 1),(3, '2012-06-09', 3, 2),(4, '2012-06-10', 4, 2),(5, '2012-06-08', 5, 3);
